text,intent,response
"Hi,Hello,Hey,Good morning,Good afternoon,Greetings",greeting,"Hello! Welcome to MES Wadia College of Engineering (MESCOE). How can I assist you today?"
"Bye,Goodbye,See you,Exit,Thanks bye",goodbye,"Thank you for visiting MESCOE. Have a great day ahead!"
"Thank you,Thanks a lot,Appreciate your help,Thank you so much",thanks,"You are welcome! Let me know if you need any other information about MESCOE."
"Where is MESCOE located?,What is the college address?,How to reach MESCOE?,Location of college,MESCOE address Pune",location,"MESCOE is located at 19, Late Principal V.K. Joag Path, near Pune Railway Station, Pune, Maharashtra 411001."
"What engineering courses are offered?,List of departments,Which branches are available in MESCOE?,UG courses in MESCOE",courses,"MESCOE offers B.E. degrees in Computer Engineering, Electronics & Telecommunication (E&TC), Mechanical Engineering, and Automation & Robotics."
"How to apply for admission?,What is the admission procedure?,First year engineering admission process,CAP round admissions MESCOE",admission_process,"Admissions to B.E. programs are conducted through the Centralized Admission Process (CAP) managed by the State CET Cell, Maharashtra based on MHT-CET / JEE Main scores."
"What is the contact number for admission enquiry?,Admission cell phone number,Who to contact for admissions?",admission_contact,"For admission enquiries, you can call 020-26163831 or email us at info@mescoepune.org."
"What is the total intake for Computer Engineering?,How many seats in CS branch?,Computer Engg seat capacity",intake_computer,"Computer Engineering has an intake capacity of 300 students for UG and 12 seats for PG (M.E.)."
"How many seats are there in E&TC?,Electronics and Telecommunication seat intake,ENTC branch capacity",intake_entc,"E&TC Engineering has an intake capacity of 120 students for UG and 12 seats for PG (M.E.)."
"What is the seat intake for Mechanical Engineering?,Mechanical branch seats",intake_mech,"Mechanical Engineering has an intake capacity of 60 students for UG and 12 seats for PG (M.E.)."
"How many seats in Automation and Robotics?,Robotics department seat intake",intake_robotics,"Automation & Robotics branch has an intake capacity of 60 students for UG."
"What is the fee structure for B.E.?,How much are the college fees?,Fee details for first year engineering",fees,"The tuition and development fees are fixed annually as per the Fee Regulating Authority (FRA), Maharashtra. Category-wise fee concessions apply as per govt norms."
"Does MESCOE provide hostel facility?,Is there a hostel for boys and girls?,Hostel fees and capacity",hostel,"Yes, MESCOE provides separate hostel accommodations for both boys and girls within the campus with Wi-Fi, security, and mess facilities."
"How are the campus placements?,Which companies visit MESCOE for placements?,Highest package in MESCOE,Placement record",placements,"MESCOE has a dedicated Placement Cell. Top recruiters include TCS, Infosys, Cognizant, Accenture, L&T Infotech, and Capgemini with packages up to 10+ LPA."
"What is the accreditation status of MESCOE?,Is MESCOE NAAC accredited?,SPPU affiliation status",accreditation,"MESCOE is accredited with 'A++' Grade by NAAC and is permanently affiliated with Savitribai Phule Pune University (SPPU)."
"Tell me about the college library,Are there digital library facilities?,Library timings and book count",library,"The central library has over 30,000+ volumes, digital e-journals (IEEE, ScienceDirect), reading halls, and 24/7 internet access."
"Is scholarship available for students?,EBC scholarship MESCOE,TFWS seats and SC ST scholarships",scholarships,"Yes, scholarships like MahaDBT (EBC, SC/ST/OBC/VSTJ) and TFWS (Tuition Fee Waiver Scheme) are applicable as per Maharashtra State Govt rules."
"What are the office timings?,College timing for administrative office,Working hours",office_timings,"The administrative office functions from Monday to Saturday, 9:30 AM to 5:30 PM (except 2nd and 4th Saturdays and public holidays)."
"Is there a canteen on campus?,Food facilities in MESCOE",canteen,"Yes, a hygienic campus canteen is available providing snacks, tea, coffee, and lunch options for students and staff."
"What sports facilities are available?,Gymkhana and ground details in college",sports,"MESCOE features a sports complex with grounds for cricket, football, volleyball, basketball courts, and indoor games like chess and table tennis."
"Who is the principal of MESCOE?,Name of college principal",principal,"The Principal of Modern Education Society's Wadia College of Engineering is Dr. S. S. Sarawade."
"Does MESCOE have M.Tech or M.E. courses?,Postgraduate courses list",postgraduate,"MESCOE offers M.E. (Master of Engineering) programs in Computer Engineering, E&TC (Signal Processing), and Mechanical Design Engineering."
"What documents are required for admission?,First year engineering document checklist",documents_required,"Required documents include MHT-CET/JEE Scorecard, 10th & 12th Marksheets, Leaving Certificate, Domicile/Nationality Certificate, and Category/Caste certificates if applicable."
"Are there student clubs and technical events?,Cultural fest and tech fest name",events,"MESCOE conducts annual technical fests, cultural events like 'Nirmiti', NSS camps, and student chapters of IEEE, CSI, and MESA."
"Where can I find exam timetables and syllabus?,SPPU exam schedules",exams,"Exam schedules, hall tickets, and syllabus updates are available on the SPPU official portal and notified on the college notice boards."
